Workbook

Sheet Start Here
A1: Semester Finals and GPA Planner — Fictional Sample
A2: All courses, assignments, scores, dates and hours are illustrative, not your records.
A3: Blue cells are editable inputs; dark headers identify tables; formulas recalculate on opening.
A4: Current score means average on completed work ONLY; completed weight is its share of entire course.
A5: Remaining assignment weights are effective course weights, not category weights.
A6: Projected scores are assumptions, not predictions. Study hours do not guarantee any score.
A7: Illustrative grade scale; replace with verified course cutoffs and institutional GPA points.
A8: No curves, dropped scores, extra credit, pass/fail, repeats or rounding policies are modeled.
A9: Semester GPA is credit weighted. Cumulative GPA requires prior credits and prior GPA, not supplied here.
A10: Daily blocks are sample allocations. Editing estimates does not automatically reschedule them.
A11: Schedule: Nov 9–Dec 6, 2026; exams Dec 7–10. Verify actual dates before use.
A12: Sort/filter using the header dropdowns in Assignments, Courses and Daily Blocks.
A13: Workbook formulas were generated; Excel recalculation and GUI behavior not tested here.

Sheet Grade Scale
A1: Minimum percent | B1: Letter | C1: GPA points
A2: 0 | B2: F | C2: 0
A3: 60 | B3: D- | C3: 0.7
A4: 63 | B4: D | C4: 1
A5: 67 | B5: D+ | C5: 1.3
A6: 70 | B6: C- | C6: 1.7
A7: 73 | B7: C | C7: 2
A8: 77 | B8: C+ | C8: 2.3
A9: 80 | B9: B- | C9: 2.7
A10: 83 | B10: B | C10: 3
A11: 87 | B11: B+ | C11: 3.3
A12: 90 | B12: A- | C12: 3.7
A13: 93 | B13: A | C13: 4

Sheet Settings
A1: Setting | B1: Value
A2: Target semester GPA | B2: 3.5
A3: Default course buffer, percentage points | B3: 2
A4: Countdown start | B4: 46335
A5: Daily available study hours | B5: 3

Sheet Courses
A1: Course ID | B1: Course | C1: Credits | D1: Current completed-work score % | E1: Completed course weight % | F1: Target course % | G1: Buffer pp | H1: Exam date | I1: Remaining weight % | J1: Projected course % | K1: Projected letter | L1: Projected GPA points | M1: Target GPA points | N1: Required avg remaining % | O1: Target+buffer avg remaining % | P1: Projected buffer vs target pp | Q1: Study hours remaining | R1: Scheduled hours | S1: Hours gap | T1: Weight check | U1: Target feasibility
A2: CS 201 | B2: Algorithms | C2: 4 | D2: 86 | E2: 65 | F2: 90 | G2: =Settings!$B$3 | H2: 46363 | I2: =SUMIF(Assignments!$A$2:$A$9,A2,Assignments!$E$2:$E$9) | J2: =D2*E2/100+SUMIF(Assignments!$A$2:$A$9,A2,Assignments!$I$2:$I$9) | K2: =LOOKUP(J2,'Grade Scale'!$A$2:$A$13,'Grade Scale'!$B$2:$B$13) | L2: =LOOKUP(J2,'Grade Scale'!$A$2:$A$13,'Grade Scale'!$C$2:$C$13) | M2: =LOOKUP(F2,'Grade Scale'!$A$2:$A$13,'Grade Scale'!$C$2:$C$13) | N2: =IF(I2=0,"",(F2-D2*E2/100)*100/I2) | O2: =IF(I2=0,"",(F2+G2-D2*E2/100)*100/I2) | P2: =J2-F2 | Q2: =SUMIF(Assignments!$A$2:$A$9,A2,Assignments!$M$2:$M$9) | R2: =SUMIF('Daily Blocks'!$E$2:$E$57,A2,'Daily Blocks'!$D$2:$D$57) | S2: =MAX(0,Q2-R2) | T2: =IF(ABS(E2+I2-100)<0.001,"OK","FIX WEIGHTS") | U2: =IF(I2=0,"No remaining work",IF(N2>100,"Target impossible under assumptions",IF(O2>100,"Target feasible; buffer impossible","Target and buffer feasible")))
A3: MATH 221 | B3: Linear Algebra | C3: 3 | D3: 89 | E3: 70 | F3: 90 | G3: =Settings!$B$3 | H3: 46364 | I3: =SUMIF(Assignments!$A$2:$A$9,A3,Assignments!$E$2:$E$9) | J3: =D3*E3/100+SUMIF(Assignments!$A$2:$A$9,A3,Assignments!$I$2:$I$9) | K3: =LOOKUP(J3,'Grade Scale'!$A$2:$A$13,'Grade Scale'!$B$2:$B$13) | L3: =LOOKUP(J3,'Grade Scale'!$A$2:$A$13,'Grade Scale'!$C$2:$C$13) | M3: =LOOKUP(F3,'Grade Scale'!$A$2:$A$13,'Grade Scale'!$C$2:$C$13) | N3: =IF(I3=0,"",(F3-D3*E3/100)*100/I3) | O3: =IF(I3=0,"",(F3+G3-D3*E3/100)*100/I3) | P3: =J3-F3 | Q3: =SUMIF(Assignments!$A$2:$A$9,A3,Assignments!$M$2:$M$9) | R3: =SUMIF('Daily Blocks'!$E$2:$E$57,A3,'Daily Blocks'!$D$2:$D$57) | S3: =MAX(0,Q3-R3) | T3: =IF(ABS(E3+I3-100)<0.001,"OK","FIX WEIGHTS") | U3: =IF(I3=0,"No remaining work",IF(N3>100,"Target impossible under assumptions",IF(O3>100,"Target feasible; buffer impossible","Target and buffer feasible")))
A4: CS 240 | B4: Systems | C4: 4 | D4: 91 | E4: 65 | F4: 93 | G4: =Settings!$B$3 | H4: 46365 | I4: =SUMIF(Assignments!$A$2:$A$9,A4,Assignments!$E$2:$E$9) | J4: =D4*E4/100+SUMIF(Assignments!$A$2:$A$9,A4,Assignments!$I$2:$I$9) | K4: =LOOKUP(J4,'Grade Scale'!$A$2:$A$13,'Grade Scale'!$B$2:$B$13) | L4: =LOOKUP(J4,'Grade Scale'!$A$2:$A$13,'Grade Scale'!$C$2:$C$13) | M4: =LOOKUP(F4,'Grade Scale'!$A$2:$A$13,'Grade Scale'!$C$2:$C$13) | N4: =IF(I4=0,"",(F4-D4*E4/100)*100/I4) | O4: =IF(I4=0,"",(F4+G4-D4*E4/100)*100/I4) | P4: =J4-F4 | Q4: =SUMIF(Assignments!$A$2:$A$9,A4,Assignments!$M$2:$M$9) | R4: =SUMIF('Daily Blocks'!$E$2:$E$57,A4,'Daily Blocks'!$D$2:$D$57) | S4: =MAX(0,Q4-R4) | T4: =IF(ABS(E4+I4-100)<0.001,"OK","FIX WEIGHTS") | U4: =IF(I4=0,"No remaining work",IF(N4>100,"Target impossible under assumptions",IF(O4>100,"Target feasible; buffer impossible","Target and buffer feasible")))
A5: STAT 210 | B5: Statistics | C5: 3 | D5: 84 | E5: 70 | F5: 87 | G5: =Settings!$B$3 | H5: 46366 | I5: =SUMIF(Assignments!$A$2:$A$9,A5,Assignments!$E$2:$E$9) | J5: =D5*E5/100+SUMIF(Assignments!$A$2:$A$9,A5,Assignments!$I$2:$I$9) | K5: =LOOKUP(J5,'Grade Scale'!$A$2:$A$13,'Grade Scale'!$B$2:$B$13) | L5: =LOOKUP(J5,'Grade Scale'!$A$2:$A$13,'Grade Scale'!$C$2:$C$13) | M5: =LOOKUP(F5,'Grade Scale'!$A$2:$A$13,'Grade Scale'!$C$2:$C$13) | N5: =IF(I5=0,"",(F5-D5*E5/100)*100/I5) | O5: =IF(I5=0,"",(F5+G5-D5*E5/100)*100/I5) | P5: =J5-F5 | Q5: =SUMIF(Assignments!$A$2:$A$9,A5,Assignments!$M$2:$M$9) | R5: =SUMIF('Daily Blocks'!$E$2:$E$57,A5,'Daily Blocks'!$D$2:$D$57) | S5: =MAX(0,Q5-R5) | T5: =IF(ABS(E5+I5-100)<0.001,"OK","FIX WEIGHTS") | U5: =IF(I5=0,"No remaining work",IF(N5>100,"Target impossible under assumptions",IF(O5>100,"Target feasible; buffer impossible","Target and buffer feasible")))

Sheet Assignments
A1: Course ID | B1: Item | C1: Type | D1: Due date | E1: Effective course weight % | F1: Projected score % | G1: Actual score % optional | H1: Score used % | I1: Course contribution pp | J1: Estimated total hours | K1: Hours spent | L1: Status | M1: Remaining hours | N1: Source
A2: CS 201 | B2: Final project / problem set | C2: Assignment | D2: 46344 | E2: 10 | F2: 90 | H2: =IF(G2="",F2,G2) | I2: =E2*H2/100 | J2: 5 | K2: 0 | L2: Not started | M2: =IF(OR(L2="Submitted",L2="Complete"),0,MAX(0,J2-K2)) | N2: Fictional sample
A3: CS 201 | B3: Final exam | C3: Exam | D3: 46363 | E3: 25 | F3: 92 | H3: =IF(G3="",F3,G3) | I3: =E3*H3/100 | J3: 16 | K3: 0 | L3: Not started | M3: =IF(OR(L3="Submitted",L3="Complete"),0,MAX(0,J3-K3)) | N3: Fictional sample
A4: MATH 221 | B4: Final project / problem set | C4: Assignment | D4: 46345 | E4: 10 | F4: 92 | H4: =IF(G4="",F4,G4) | I4: =E4*H4/100 | J4: 5 | K4: 0 | L4: Not started | M4: =IF(OR(L4="Submitted",L4="Complete"),0,MAX(0,J4-K4)) | N4: Fictional sample
A5: MATH 221 | B5: Final exam | C5: Exam | D5: 46364 | E5: 20 | F5: 91 | H5: =IF(G5="",F5,G5) | I5: =E5*H5/100 | J5: 16 | K5: 0 | L5: Not started | M5: =IF(OR(L5="Submitted",L5="Complete"),0,MAX(0,J5-K5)) | N5: Fictional sample
A6: CS 240 | B6: Final project / problem set | C6: Assignment | D6: 46346 | E6: 10 | F6: 95 | H6: =IF(G6="",F6,G6) | I6: =E6*H6/100 | J6: 5 | K6: 0 | L6: Not started | M6: =IF(OR(L6="Submitted",L6="Complete"),0,MAX(0,J6-K6)) | N6: Fictional sample
A7: CS 240 | B7: Final exam | C7: Exam | D7: 46365 | E7: 25 | F7: 94 | H7: =IF(G7="",F7,G7) | I7: =E7*H7/100 | J7: 16 | K7: 0 | L7: Not started | M7: =IF(OR(L7="Submitted",L7="Complete"),0,MAX(0,J7-K7)) | N7: Fictional sample
A8: STAT 210 | B8: Final project / problem set | C8: Assignment | D8: 46347 | E8: 10 | F8: 90 | H8: =IF(G8="",F8,G8) | I8: =E8*H8/100 | J8: 5 | K8: 0 | L8: Not started | M8: =IF(OR(L8="Submitted",L8="Complete"),0,MAX(0,J8-K8)) | N8: Fictional sample
A9: STAT 210 | B9: Final exam | C9: Exam | D9: 46366 | E9: 20 | F9: 90 | H9: =IF(G9="",F9,G9) | I9: =E9*H9/100 | J9: 16 | K9: 0 | L9: Not started | M9: =IF(OR(L9="Submitted",L9="Complete"),0,MAX(0,J9-K9)) | N9: Fictional sample

Sheet Daily Blocks
A1: Date | B1: Start | C1: End | D1: Hours | E1: Course ID | F1: Subject priority | G1: Focus | H1: Topic / item | I1: Status | J1: Daily capacity check
A2: 46335 | B2: 0.70833333 | C2: 0.77083333 | D2: 1.5 | E2: CS 201 | F2: Review course buffer and required score | G2: Map gaps / assignment work | H2: Final project / problem set | I2: Planned | J2: =IF(SUMIF($A$2:$A$57,A2,$D$2:$D$57)>Settings!$B$5,"OVER CAPACITY","Within capacity")
A3: 46335 | B3: 0.79166667 | C3: 0.85416667 | D3: 1.5 | E3: MATH 221 | F3: Review course buffer and required score | G3: Map gaps / assignment work | H3: Final project / problem set | I3: Planned | J3: =IF(SUMIF($A$2:$A$57,A3,$D$2:$D$57)>Settings!$B$5,"OVER CAPACITY","Within capacity")
A4: 46336 | B4: 0.70833333 | C4: 0.77083333 | D4: 1.5 | E4: CS 240 | F4: Review course buffer and required score | G4: Map gaps / assignment work | H4: Final project / problem set | I4: Planned | J4: =IF(SUMIF($A$2:$A$57,A4,$D$2:$D$57)>Settings!$B$5,"OVER CAPACITY","Within capacity")
A5: 46336 | B5: 0.79166667 | C5: 0.85416667 | D5: 1.5 | E5: STAT 210 | F5: Review course buffer and required score | G5: Map gaps / assignment work | H5: Final project / problem set | I5: Planned | J5: =IF(SUMIF($A$2:$A$57,A5,$D$2:$D$57)>Settings!$B$5,"OVER CAPACITY","Within capacity")
A6: 46337 | B6: 0.70833333 | C6: 0.77083333 | D6: 1.5 | E6: CS 201 | F6: Review course buffer and required score | G6: Map gaps / assignment work | H6: Final project / problem set | I6: Planned | J6: =IF(SUMIF($A$2:$A$57,A6,$D$2:$D$57)>Settings!$B$5,"OVER CAPACITY","Within capacity")
A7: 46337 | B7: 0.79166667 | C7: 0.85416667 | D7: 1.5 | E7: MATH 221 | F7: Review course buffer and required score | G7: Map gaps / assignment work | H7: Final project / problem set | I7: Planned | J7: =IF(SUMIF($A$2:$A$57,A7,$D$2:$D$57)>Settings!$B$5,"OVER CAPACITY","Within capacity")
A8: 46338 | B8: 0.70833333 | C8: 0.77083333 | D8: 1.5 | E8: CS 240 | F8: Review course buffer and required score | G8: Map gaps / assignment work | H8: Final project / problem set | I8: Planned | J8: =IF(SUMIF($A$2:$A$57,A8,$D$2:$D$57)>Settings!$B$5,"OVER CAPACITY","Within capacity")
A9: 46338 | B9: 0.79166667 | C9: 0.85416667 | D9: 1.5 | E9: STAT 210 | F9: Review course buffer and required score | G9: Map gaps / assignment work | H9: Final project / problem set | I9: Planned | J9: =IF(SUMIF($A$2:$A$57,A9,$D$2:$D$57)>Settings!$B$5,"OVER CAPACITY","Within capacity")
A10: 46339 | B10: 0.70833333 | C10: 0.77083333 | D10: 1.5 | E10: CS 201 | F10: Review course buffer and required score | G10: Map gaps / assignment work | H10: Final project / problem set | I10: Planned | J10: =IF(SUMIF($A$2:$A$57,A10,$D$2:$D$57)>Settings!$B$5,"OVER CAPACITY","Within capacity")
A11: 46339 | B11: 0.79166667 | C11: 0.85416667 | D11: 1.5 | E11: MATH 221 | F11: Review course buffer and required score | G11: Map gaps / assignment work | H11: Final project / problem set | I11: Planned | J11: =IF(SUMIF($A$2:$A$57,A11,$D$2:$D$57)>Settings!$B$5,"OVER CAPACITY","Within capacity")
A12: 46340 | B12: 0.70833333 | C12: 0.77083333 | D12: 1.5 | E12: CS 240 | F12: Review course buffer and required score | G12: Map gaps / assignment work | H12: Final project / problem set | I12: Planned | J12: =IF(SUMIF($A$2:$A$57,A12,$D$2:$D$57)>Settings!$B$5,"OVER CAPACITY","Within capacity")
A13: 46340 | B13: 0.79166667 | C13: 0.85416667 | D13: 1.5 | E13: STAT 210 | F13: Review course buffer and required score | G13: Map gaps / assignment work | H13: Final project / problem set | I13: Planned | J13: =IF(SUMIF($A$2:$A$57,A13,$D$2:$D$57)>Settings!$B$5,"OVER CAPACITY","Within capacity")
... A57: 46362 | B57: 0.79166667 | C57: 0.85416667 | D57: 1.5 | E57: STAT 210 | F57: Review course buffer and required score | G57: Targeted review + logistics | H57: Estimation | I57: Planned | J57: =IF(SUMIF($A$2:$A$57,A57,$D$2:$D$57)>Settings!$B$5,"OVER CAPACITY","Within capacity")

Sheet Dashboard
A1: Metric | B1: Value
A2: Projected semester GPA | B2: =SUMPRODUCT(Courses!C2:C5,Courses!L2:L5)/SUM(Courses!C2:C5)
A3: Target semester GPA | B3: =Settings!B2
A4: GPA difference | B4: =B2-B3
A5: GPA if course targets achieved | B5: =SUMPRODUCT(Courses!C2:C5,Courses!M2:M5)/SUM(Courses!C2:C5)
A6: Study hours remaining | B6: =SUM(Courses!Q2:Q5)
A7: Scheduled hours | B7: =SUM('Daily Blocks'!D2:D57)
A8: Unallocated hours by course | B8: =SUM(Courses!S2:S5)
A9: Weight issues | B9: =COUNTIF(Courses!T2:T5,"FIX WEIGHTS")
A10: Interpretation | B10: Projected scores are assumptions; no hours-to-grade causality is modeled.
