Workbook

Sheet Read Me
A1: Semester CS Interview Grading and Integration Planner
A2: Template only: no actual students, vendor connections, or completed work.
A3: Weights: Situation 20%, Task 25%, Action 35%, Result 20%. Each score is 0–4.
A4: Enter all four scores for a total. Incomplete evaluations remain blank.
A5: Qualitative results may earn full marks; numbers require a defensible basis.
A6: AI recommendations are provisional; human instructors own official grades.
A7: Submission is separate from appointment attendance and rubric approval.
A8: One template learner, 16 weeks. Duplicate tracker/grading rows for a cohort.
A9: Dashboard counts are calculated in Excel-compatible spreadsheet software.
A10: Sharing links may expose videos; use authorized recipients and review privacy controls.

Sheet Rubric
A1: Dimension | B1: Weight | C1: 0 | D1: 1 | E1: 2 | F1: 3 | G1: 4
A2: Situation depth | B2: 20 | C2: No context | D2: Vague setting | E2: Basic context, gaps | F2: Relevant context and constraints | G2: Concise context, stakes, constraints
A3: Task ownership | B3: 25 | C3: No responsibility | D3: Team goal only | E3: Partial personal role | F3: Clear responsibility | G3: Ownership, boundaries, team distinction
A4: Action specificity | B4: 35 | C4: No actions | D4: Verb labels only | E4: Steps with unclear reasoning | F4: Personal steps and reasoning | G4: Sequenced steps, reasoning, tradeoffs
A5: Result quality | B5: 20 | C5: No outcome | D5: Unsupported or vague | E5: Outcome basis unclear | F5: Grounded qualitative or quantitative outcome | G5: Grounded outcome, attribution, limits, learning

Sheet STAR Grades
A1: Learner key | B1: Week | C1: Story ID | D1: Situation 0-4 | E1: Task 0-4 | F1: Action 0-4 | G1: Result 0-4 | H1: Weighted /100 | I1: Reviewer type | J1: Review state | K1: Claim status | L1: Supporting quotations | M1: Metric basis or qualitative outcome | N1: Feedback | O1: Retry reference | P1: Final approver
B2: 1 | H2: =IF(COUNT(D2:G2)=4,SUMPRODUCT(D2:G2,Rubric!$B$2:$B$5)/4,"") | J2: Not started
B3: 2 | H3: =IF(COUNT(D3:G3)=4,SUMPRODUCT(D3:G3,Rubric!$B$2:$B$5)/4,"") | J3: Not started
B4: 3 | H4: =IF(COUNT(D4:G4)=4,SUMPRODUCT(D4:G4,Rubric!$B$2:$B$5)/4,"") | J4: Not started
B5: 4 | H5: =IF(COUNT(D5:G5)=4,SUMPRODUCT(D5:G5,Rubric!$B$2:$B$5)/4,"") | J5: Not started
B6: 5 | H6: =IF(COUNT(D6:G6)=4,SUMPRODUCT(D6:G6,Rubric!$B$2:$B$5)/4,"") | J6: Not started
B7: 6 | H7: =IF(COUNT(D7:G7)=4,SUMPRODUCT(D7:G7,Rubric!$B$2:$B$5)/4,"") | J7: Not started
B8: 7 | H8: =IF(COUNT(D8:G8)=4,SUMPRODUCT(D8:G8,Rubric!$B$2:$B$5)/4,"") | J8: Not started
B9: 8 | H9: =IF(COUNT(D9:G9)=4,SUMPRODUCT(D9:G9,Rubric!$B$2:$B$5)/4,"") | J9: Not started
B10: 9 | H10: =IF(COUNT(D10:G10)=4,SUMPRODUCT(D10:G10,Rubric!$B$2:$B$5)/4,"") | J10: Not started
B11: 10 | H11: =IF(COUNT(D11:G11)=4,SUMPRODUCT(D11:G11,Rubric!$B$2:$B$5)/4,"") | J11: Not started
B12: 11 | H12: =IF(COUNT(D12:G12)=4,SUMPRODUCT(D12:G12,Rubric!$B$2:$B$5)/4,"") | J12: Not started
B13: 12 | H13: =IF(COUNT(D13:G13)=4,SUMPRODUCT(D13:G13,Rubric!$B$2:$B$5)/4,"") | J13: Not started
... B17: 16 | H17: =IF(COUNT(D17:G17)=4,SUMPRODUCT(D17:G17,Rubric!$B$2:$B$5)/4,"") | J17: Not started

Sheet Weekly Tracker
A1: Learner key | B1: Week | C1: Module | D1: Semester assignment | E1: Big Interview milestone | F1: Vendor assignment ID | G1: Evidence reference | H1: Submission state | I1: Coach milestone | J1: Appointment state | K1: Attendance verified | L1: Rubric state | M1: Due date | N1: Submitted date | O1: Owner | P1: Blocker
B2: 1 | C2: Baseline + arrays | D2: W01 | E2: Fast Track baseline | H2: Not started | I2: Check access | J2: Not requested | K2: No | L2: Not started
B3: 2 | C3: Hash maps + ownership | D3: W02 | E3: Interview Prep + Answer Builder | H3: Not started | I3: Request initial review | J3: Not requested | K3: No | L3: Not started
B4: 3 | C4: Stacks + problem solving | D4: W03 | E4: Behavioral practice | H4: Not started | I4: Check confirmation | J4: Not requested | K4: No | L4: Not started
B5: 4 | C5: Debugging + foundation mock | D5: W04 | E5: Assignment A: foundation | H5: Not started | I5: Plan week-8 mock | J5: Not requested | K5: No | L5: Not started
B6: 5 | C6: Action specificity | D6: W05 | E6: Assignment B: action | H6: Not started | I6: Prepare goals | J6: Not requested | K6: No | L6: Not started
B7: 6 | C7: Results + measurement audit | D7: W06 | E7: Result revisions | H7: Not started | I7: Request/confirm mock I | J7: Not requested | K7: No | L7: Not started
B8: 7 | C8: Resume + portfolio | D8: W07 | E8: Resume Curriculum if licensed | H8: Not started | I8: Share approved materials | J8: Not requested | K8: No | L8: Not started
B9: 8 | C9: Human mock I | D9: W08 | E9: Pre-mock practice | H9: Not started | I9: Attend mock I | J9: Not requested | K9: No | L9: Not started
B10: 9 | C10: Leadership + prioritization | D10: W09 | E10: Assignment C: range | H10: Not started | I10: Review support needs | J10: Not requested | K10: No | L10: Not started
B11: 10 | C11: Employer research | D11: W10 | E11: Employer/common question lessons | H11: Not started | I11: Request mock II | J11: Not requested | K11: No | L11: Not started
B12: 11 | C12: CS role-specific practice | D12: W11 | E12: Relevant CS playbook | H12: Not started | I12: Prepare specialist questions | J12: Not requested | K12: No | L12: Not started
B13: 12 | C13: Mixed mock II | D13: W12 | E13: Assignment D: mixed | H13: Not started | I13: Attend mock II | J13: Not requested | K13: No | L13: Not started
... B17: 16 | C17: Capstone + next plan | D17: W16 | E17: Review and reflection | H17: Not started | I17: Optional follow-up | J17: Not requested | K17: No | L17: Not started

Sheet Dashboard
A1: Metric | B1: Value
A2: Weeks in template | B2: =COUNTA('Weekly Tracker'!B2:B17)
A3: Submitted | B3: =COUNTIF('Weekly Tracker'!H2:H17,"Submitted")
A4: Accepted | B4: =COUNTIF('Weekly Tracker'!H2:H17,"Accepted")
A5: Appointments requested | B5: =COUNTIF('Weekly Tracker'!J2:J17,"Requested")
A6: Appointments approved | B6: =COUNTIF('Weekly Tracker'!J2:J17,"Approved")
A7: Source reports completed | B7: =COUNTIF('Weekly Tracker'!J2:J17,"Completed")
A8: Attendance verified | B8: =COUNTIF('Weekly Tracker'!K2:K17,"Yes")
A9: Final approved rubrics | B9: =COUNTIF('STAR Grades'!J2:J17,"Final approved")
A10: Mean final approved STAR score | B10: =IFERROR(AVERAGEIFS('STAR Grades'!H2:H17,'STAR Grades'!J2:J17,"Final approved",'STAR Grades'!H2:H17,">=0"),"")

Sheet Sources
A1: Purpose | B1: Source
A2: Big Interview sharing | B2: https://support.biginterview.com/en/article/sharing-from-my-videos-zebi7a/
A3: Big Interview FAQ | B3: https://support.biginterview.com/en/article/faq-1vi2kcl/
A4: Handshake documents | B4: https://support.joinhandshake.com/hc/en-us/articles/218692648-How-to-Upload-a-New-Document
A5: Handshake experience attachments | B5: https://support.joinhandshake.com/hc/en-us/articles/360006851874-Uploading-an-Attachment-to-an-Experience
A6: AI education governance | B6: https://www.unesco.org/en/digital-education/artificial-intelligence
